Claim_Path,Claim_Time,Claim_Trace,Label_Time,Label_Trace,Attack_Type,Matched_File_Name,Detected_Global_Node_Seq,Reachable_Global_Node_Path,Detected_Region_Candidates,Reach_Flag,S_seq,S_whole,S_topo,Topo_Decision
局部_小米MAX3/20230509_1841,224.828,"[""e4"", ""e3"", ""d4"", ""d3"", ""c4"", ""d4"", ""e4""]",204.877,"[""e4"", ""e3"", ""d4"", ""d3"", ""c4"", ""d4"", ""e4""]",,20230509_1841_merged.csv,"[8, 0, 2]","[8, 9, 0, 1, 2]","[['e3'], ['d4', 'e4'], ['d4'], ['d4'], ['c4']]",1,0.428571,0.8,0.614286,reachable_scored
局部_小米MAX3/20230509_1848,203.218,"[""e4"", ""e3"", ""d4"", ""d3"", ""c4"", ""d4"", ""e4""]",203.218,"[""e4"", ""e3"", ""d4"", ""d3"", ""c4"", ""d4"", ""e4""]",,20230509_1848_merged.csv,"[0, 18, 34, 4]","[0, 11, 12, 31, 18, 33, 34, 35, 4]","[['d4'], ['d4'], ['d4', 'e4'], ['d3', 'd4'], ['b4'], ['c5'], ['c5'], ['c6'], ['d4']]",1,0.333333,0.375,0.354167,reachable_scored
局部_小米MAX3/20230509_1852,241.406,"[""e4"", ""e3"", ""d4"", ""d3"", ""c4"", ""d4"", ""e4""]",200.923,"[""e4"", ""e3"", ""d4"", ""d3"", ""c4"", ""d4"", ""e4""]",,20230509_1852_merged.csv,"[0, 8, 6]","[0, 9, 8, 7, 6]","[['d4'], ['d4', 'e4'], ['e3'], ['e3', 'e4'], ['e4']]",1,0.428571,0.6,0.514286,reachable_scored
局部_小米MAX3/20230513_1855,185.17,"[""e4"", ""e3"", ""d4"", ""d3"", ""c4"", ""d4"", ""e4""]",191.841,"[""e4"", ""e3"", ""d4"", ""d3"", ""c4"", ""d4"", ""e4""]",,20230513_1855_merged.csv,"[0, 5, 2, 4]","[0, 11, 4, 5, 4, 3, 2, 3, 4]","[['d4'], ['d4'], ['d4'], ['d4'], ['d4'], ['c4'], ['c4'], ['c4'], ['d4']]",1,0.333333,0.4,0.366667,reachable_scored
局部_小米MAX3/20230513_1858,192.626,"[""e4"", ""e3"", ""d4"", ""d3"", ""c4"", ""d4"", ""e4""]",192.626,"[""e4"", ""e3"", ""d4"", ""d3"", ""c4"", ""d4"", ""e4""]",,20230513_1858_merged.csv,"[0, 1, 4, 3]","[0, 1, 0, 11, 4, 3]","[['d4'], ['d4'], ['d4'], ['d4'], ['d4'], ['c4']]",1,0.285714,0.4,0.342857,reachable_scored
局部_小米MAX3/20230513_1902,195.234,"[""e4"", ""e3"", ""d4"", ""d3"", ""c4"", ""d4"", ""e4""]",195.234,"[""e4"", ""e3"", ""d4"", ""d3"", ""c4"", ""d4"", ""e4""]",,20230513_1902_merged.csv,"[0, 2, 4]","[0, 1, 2, 3, 4]","[['d4'], ['d4'], ['c4'], ['c4'], ['d4']]",1,0.428571,0.4,0.414286,reachable_scored
局部_小米MAX3/20230513_1906,191.844,"[""e4"", ""e3"", ""d4"", ""d3"", ""c4"", ""d4"", ""e4""]",191.844,"[""e4"", ""e3"", ""d4"", ""d3"", ""c4"", ""d4"", ""e4""]",,20230513_1906_merged.csv,"[12, 0, 13, 2, 4]","[12, 11, 0, 11, 12, 31, 18, 13, 18, 31, 12, 11, 0, 1, 2, 3, 4]","[['d4', 'e4'], ['d4'], ['d4'], ['d4'], ['d4', 'e4'], ['d3', 'd4'], ['b4'], ['b3', 'b4'], ['b4'], ['d3', 'd4'], ['d4', 'e4'], ['d4'], ['d4'], ['d4'], ['c4'], ['c4'], ['d4']]",1,0.294118,0.571429,0.432773,reachable_scored
局部_小米MAX3/20230513_1909,189.199,"[""c5"", ""e3"", ""d4"", ""d3"", ""c4"", ""f2"", ""e4""]",189.199,"[""e4"", ""e3"", ""d4"", ""d3"", ""c4"", ""d4"", ""e4""]",,20230513_1909_merged.csv,"[18, 0, 2, 3]","[18, 31, 12, 11, 0, 1, 2, 3]","[['b4'], ['d3', 'd4'], ['d4', 'e4'], ['d4'], ['d4'], ['d4'], ['c4'], ['c4']]",1,0.25,0.5,0.375,reachable_scored
局部_小米MAX3/20230513_1912,190.133,"[""e4"", ""e3"", ""d4"", ""d3"", ""c4"", ""d4"", ""e4""]",190.133,"[""e4"", ""e3"", ""d4"", ""d3"", ""c4"", ""d4"", ""e4""]",,20230513_1912_merged.csv,"[7, 0, 2, 3, 3]","[7, 8, 9, 0, 1, 2, 3]","[['e3', 'e4'], ['e3'], ['d4', 'e4'], ['d4'], ['d4'], ['c4'], ['c4']]",1,0.571429,0.8,0.685714,reachable_scored
局部_小米MAX3/20230513_1915,193.618,"[""e4"", ""e3"", ""d4"", ""d3"", ""c4"", ""d4"", ""e4""]",193.618,"[""e4"", ""e3"", ""d4"", ""d3"", ""c4"", ""d4"", ""e4""]",,20230513_1915_merged.csv,"[0, 8, 22]","[0, 9, 8, 9, 0, 11, 12, 31, 18, 13, 26, 22]","[['d4'], ['d4', 'e4'], ['e3'], ['d4', 'e4'], ['d4'], ['d4'], ['d4', 'e4'], ['d3', 'd4'], ['b4'], ['b3', 'b4'], ['c3'], ['c3', 'd3']]",1,0.416667,0.5,0.458333,reachable_scored
局部_小米MAX3/20230513_1922,222.295,"[""e4"", ""e3"", ""d4"", ""d3"", ""c4"", ""d4"", ""e4""]",191.524,"[""e4"", ""e3"", ""d4"", ""d3"", ""c4"", ""d4"", ""e4""]",,20230513_1922_merged.csv,"[6, 2, 1, 2, 4]","[6, 7, 8, 9, 0, 1, 2, 1, 2, 3, 4]","[['e4'], ['e3', 'e4'], ['e3'], ['d4', 'e4'], ['d4'], ['d4'], ['c4'], ['d4'], ['c4'], ['c4'], ['d4']]",1,0.454545,0.8,0.627273,reachable_scored
局部_小米MAX3/20230529_2023,182.756,"[""d6"", ""e3"", ""d4"", ""d3"", ""a6"", ""d4"", ""e4""]",205.716,"[""e4"", ""e3"", ""d4"", ""d3"", ""c4"", ""d4"", ""e4""]",,20230529_2023_merged.csv,"[8, 0, 1, 18, 4]","[8, 9, 0, 1, 0, 11, 12, 31, 18, 31, 12, 11, 4]","[['e3'], ['d4', 'e4'], ['d4'], ['d4'], ['d4'], ['d4'], ['d4', 'e4'], ['d3', 'd4'], ['b4'], ['d3', 'd4'], ['d4', 'e4'], ['d4'], ['d4']]",1,0.384615,0.571429,0.478022,reachable_scored
局部_小米MAX3/20230529_2026,205.999,"[""e4"", ""e3"", ""d4"", ""d3"", ""c4"", ""d4"", ""e4""]",205.999,"[""e4"", ""e3"", ""d4"", ""d3"", ""c4"", ""d4"", ""e4""]",,20230529_2026_merged.csv,"[8, 0, 18, 3, 4]","[8, 9, 0, 11, 12, 31, 18, 31, 12, 11, 4, 3, 4]","[['e3'], ['d4', 'e4'], ['d4'], ['d4'], ['d4', 'e4'], ['d3', 'd4'], ['b4'], ['d3', 'd4'], ['d4', 'e4'], ['d4'], ['d4'], ['c4'], ['d4']]",1,0.384615,0.833333,0.608974,reachable_scored
局部_小米MAX3/20230529_2029,201.968,"[""e4"", ""e3"", ""d4"", ""d3"", ""c4"", ""d4"", ""e4""]",201.968,"[""e4"", ""e3"", ""d4"", ""d3"", ""c4"", ""d4"", ""e4""]",,20230529_2029_merged.csv,"[0, 0, 11, 4, 5]","[0, 11, 4, 5]","[['d4'], ['d4'], ['d4'], ['d4']]",1,0.285714,0.2,0.242857,reachable_scored
局部_小米MAX3/20230529_2033,202.395,"[""e4"", ""e3"", ""d4"", ""d3"", ""c4"", ""d4"", ""e4""]",202.395,"[""e4"", ""e3"", ""d4"", ""d3"", ""c4"", ""d4"", ""e4""]",,20230529_2033_merged.csv,"[2, 0, 8]","[2, 1, 0, 9, 8]","[['c4'], ['d4'], ['d4'], ['d4', 'e4'], ['e3']]",1,0.428571,0.8,0.614286,reachable_scored
局部_小米MAX3/20230614_2040,207.598,"[""e4"", ""e3"", ""d4"", ""d3"", ""c4"", ""d4"", ""e4""]",207.598,"[""e4"", ""e3"", ""d4"", ""d3"", ""c4"", ""d4"", ""e4""]",,20230614_2040_merged.csv,"[12, 0, 2, 3, 5]","[12, 11, 0, 1, 2, 3, 4, 5]","[['d4', 'e4'], ['d4'], ['d4'], ['d4'], ['c4'], ['c4'], ['d4'], ['d4']]",1,0.5,0.6,0.55,reachable_scored
局部_小米MAX3/20230614_2044,200.905,"[""e4"", ""e3"", ""d4"", ""d3"", ""c4"", ""d4"", ""e4""]",200.905,"[""e4"", ""e3"", ""d4"", ""d3"", ""c4"", ""d4"", ""e4""]",,20230614_2044_merged.csv,"[0, 2, 4]","[0, 1, 2, 3, 4]","[['d4'], ['d4'], ['c4'], ['c4'], ['d4']]",1,0.428571,0.4,0.414286,reachable_scored
局部_小米MAX3/20230614_2047,81.392,"[""e4"", ""d5"", ""d4"", ""a2"", ""c4"", ""e3"", ""e4""]",206.113,"[""e4"", ""e3"", ""d4"", ""d3"", ""c4"", ""d4"", ""e4""]",,20230614_2047_merged.csv,"[22, 2]","[22, 26, 13, 18, 31, 12, 11, 0, 1, 2]","[['c3', 'd3'], ['c3'], ['b3', 'b4'], ['b4'], ['d3', 'd4'], ['d4', 'e4'], ['d4'], ['d4'], ['d4'], ['c4']]",1,0.3,0.3,0.3,reachable_scored
局部_小米MAX3/20230614_2051,205.535,"[""e4"", ""e3"", ""d4"", ""d3"", ""c4"", ""d4"", ""e4""]",205.535,"[""e4"", ""e3"", ""d4"", ""d3"", ""c4"", ""d4"", ""e4""]",,20230614_2051_merged.csv,"[12, 0, 2, 4, 5]","[12, 11, 0, 1, 2, 3, 4, 5]","[['d4', 'e4'], ['d4'], ['d4'], ['d4'], ['c4'], ['c4'], ['d4'], ['d4']]",1,0.5,0.6,0.55,reachable_scored
局部_小米MAX3/20230616_2132,207.866,"[""e4"", ""e3"", ""d4"", ""d3"", ""c4"", ""d4"", ""e4""]",207.866,"[""e4"", ""e3"", ""d4"", ""d3"", ""c4"", ""d4"", ""e4""]",,20230616_2132_merged.csv,"[7, 0, 13, 11, 5]","[7, 8, 9, 0, 11, 12, 31, 18, 13, 18, 31, 12, 11, 4, 5]","[['e3', 'e4'], ['e3'], ['d4', 'e4'], ['d4'], ['d4'], ['d4', 'e4'], ['d3', 'd4'], ['b4'], ['b3', 'b4'], ['b4'], ['d3', 'd4'], ['d4', 'e4'], ['d4'], ['d4'], ['d4']]",1,0.4,0.571429,0.485714,reachable_scored
局部_小米MAX3/20230616_2136,206.139,"[""e4"", ""f3"", ""d4"", ""b3"", ""c4"", ""d4"", ""e4""]",206.139,"[""e4"", ""e3"", ""d4"", ""d3"", ""c4"", ""d4"", ""e4""]",,20230616_2136_merged.csv,"[0, 8, 2, 4, 5]","[0, 9, 8, 9, 0, 1, 2, 3, 4, 5]","[['d4'], ['d4', 'e4'], ['e3'], ['d4', 'e4'], ['d4'], ['d4'], ['c4'], ['c4'], ['d4'], ['d4']]",1,0.4,0.5,0.45,reachable_scored
局部_小米MAX3/20230616_2139,199.635,"[""e4"", ""e3"", ""d4"", ""d3"", ""c4"", ""d4"", ""e4""]",199.635,"[""e4"", ""e3"", ""d4"", ""d3"", ""c4"", ""d4"", ""e4""]",,20230616_2139_merged.csv,"[0, 2, 12, 5]","[0, 1, 2, 1, 0, 11, 12, 11, 4, 5]","[['d4'], ['d4'], ['c4'], ['d4'], ['d4'], ['d4'], ['d4', 'e4'], ['d4'], ['d4'], ['d4']]",1,0.4,0.6,0.5,reachable_scored
局部_小米MAX3/20230616_2142,203.652,"[""e4"", ""e3"", ""d4"", ""d3"", ""c4"", ""d4"", ""e4""]",203.652,"[""e4"", ""e3"", ""d4"", ""d3"", ""c4"", ""d4"", ""e4""]",,20230616_2142_merged.csv,"[35, 0, 11, 2, 3, 3]","[35, 4, 11, 0, 11, 0, 1, 2, 3]","[['c6'], ['d4'], ['d4'], ['d4'], ['d4'], ['d4'], ['d4'], ['c4'], ['c4']]",1,0.222222,0.333333,0.277778,reachable_scored
局部_小米MAX3/20230704_1948,196.603,"[""e4"", ""e3"", ""d4"", ""d3"", ""c4"", ""d4"", ""e4""]",196.603,"[""e4"", ""e3"", ""d4"", ""d3"", ""c4"", ""d4"", ""e4""]",,20230704_1948_merged.csv,"[0, 2, 4]","[0, 1, 2, 3, 4]","[['d4'], ['d4'], ['c4'], ['c4'], ['d4']]",1,0.428571,0.4,0.414286,reachable_scored
局部_小米MAX3/20230704_1955,197.882,"[""e4"", ""e3"", ""d4"", ""d3"", ""c4"", ""a4"", ""e4""]",197.882,"[""e4"", ""e3"", ""d4"", ""d3"", ""c4"", ""d4"", ""e4""]",,20230704_1955_merged.csv,"[12, 0, 2, 4]","[12, 11, 0, 1, 2, 3, 4]","[['d4', 'e4'], ['d4'], ['d4'], ['d4'], ['c4'], ['c4'], ['d4']]",1,0.428571,0.5,0.464286,reachable_scored
局部_小米MAX3/20230704_1959,197.363,"[""e4"", ""e3"", ""d4"", ""d3"", ""c2"", ""d4"", ""e4""]",197.363,"[""e4"", ""e3"", ""d4"", ""d3"", ""c4"", ""d4"", ""e4""]",,20230704_1959_merged.csv,"[12, 0, 2, 3]","[12, 11, 0, 1, 2, 3]","[['d4', 'e4'], ['d4'], ['d4'], ['d4'], ['c4'], ['c4']]",1,0.428571,0.333333,0.380952,reachable_scored
局部_小米MAX3/20230705_1300,198.185,"[""e4"", ""e3"", ""d4"", ""d3"", ""c4"", ""d4"", ""e4""]",198.185,"[""e4"", ""e3"", ""d4"", ""d3"", ""c4"", ""d4"", ""e4""]",,20230705_1300_merged.csv,"[12, 0, 2]","[12, 11, 0, 1, 2]","[['d4', 'e4'], ['d4'], ['d4'], ['d4'], ['c4']]",1,0.428571,0.6,0.514286,reachable_scored
局部_小米MAX3/20230705_1303,211.051,"[""e4"", ""e3"", ""d4"", ""d3"", ""c4"", ""d4"", ""e4""]",198.226,"[""e4"", ""e3"", ""d4"", ""d3"", ""c4"", ""d4"", ""e4""]",,20230705_1303_merged.csv,"[0, 2, 8]","[0, 1, 2, 1, 0, 9, 8]","[['d4'], ['d4'], ['c4'], ['d4'], ['d4'], ['d4', 'e4'], ['e3']]",1,0.571429,0.8,0.685714,reachable_scored
局部_小米MAX3/20230705_1306,196.604,"[""e4"", ""e3"", ""d4"", ""d3"", ""c4"", ""d4"", ""e4""]",196.604,"[""e4"", ""e3"", ""d4"", ""d3"", ""c4"", ""d4"", ""e4""]",,20230705_1306_merged.csv,"[12, 0, 2, 2, 4, 5]","[12, 11, 0, 1, 2, 3, 4, 5]","[['d4', 'e4'], ['d4'], ['d4'], ['d4'], ['c4'], ['c4'], ['d4'], ['d4']]",1,0.5,0.6,0.55,reachable_scored
局部_小米MAX3/20230705_1310,198.101,"[""e4"", ""e3"", ""d4"", ""d3"", ""c4"", ""d4"", ""e4""]",198.101,"[""e4"", ""e3"", ""d4"", ""d3"", ""c4"", ""d4"", ""e4""]",,20230705_1310_merged.csv,"[2, 8, 4, 4]","[2, 1, 0, 9, 8, 9, 0, 11, 4]","[['c4'], ['d4'], ['d4'], ['d4', 'e4'], ['e3'], ['d4', 'e4'], ['d4'], ['d4'], ['d4']]",1,0.444444,0.8,0.622222,reachable_scored
局部_小米MAX3/20230706_2039,208.575,"[""e4"", ""e3"", ""d4"", ""d3"", ""c4"", ""d4"", ""e4""]",208.575,"[""e4"", ""e3"", ""d4"", ""d3"", ""c4"", ""d4"", ""e4""]",,20230706_2039_merged.csv,"[0, 22, 2, 8, 5]","[0, 11, 12, 31, 18, 13, 26, 22, 26, 13, 18, 31, 12, 11, 0, 1, 2, 1, 0, 9, 8, 9, 0, 11, 4, 5]","[['d4'], ['d4'], ['d4', 'e4'], ['d3', 'd4'], ['b4'], ['b3', 'b4'], ['c3'], ['c3', 'd3'], ['c3'], ['b3', 'b4'], ['b4'], ['d3', 'd4'], ['d4', 'e4'], ['d4'], ['d4'], ['d4'], ['c4'], ['d4'], ['d4'], ['d4', 'e4'], ['e3'], ['d4', 'e4'], ['d4'], ['d4'], ['d4'], ['d4']]",1,0.230769,0.625,0.427885,reachable_scored
局部_小米MAX3/20230706_2043,257.379,"[""e4"", ""e3"", ""d4"", ""d3"", ""c4"", ""d4"", ""e4""]",207.498,"[""e4"", ""e3"", ""d4"", ""d3"", ""c4"", ""d4"", ""e4""]",,20230706_2043_merged.csv,"[12, 7, 8, 2, 4]","[12, 11, 0, 9, 8, 7, 8, 9, 0, 1, 2, 3, 4]","[['d4', 'e4'], ['d4'], ['d4'], ['d4', 'e4'], ['e3'], ['e3', 'e4'], ['e3'], ['d4', 'e4'], ['d4'], ['d4'], ['c4'], ['c4'], ['d4']]",1,0.384615,0.8,0.592308,reachable_scored
局部_小米MAX3/20230706_2046,205.784,"[""e4"", ""e3"", ""d4"", ""d3"", ""c4"", ""d4"", ""e4""]",205.784,"[""e4"", ""e3"", ""d4"", ""d3"", ""c4"", ""d4"", ""e4""]",,20230706_2046_merged.csv,"[9, 0, 2, 4, 5]","[9, 0, 1, 2, 3, 4, 5]","[['d4', 'e4'], ['d4'], ['d4'], ['c4'], ['c4'], ['d4'], ['d4']]",1,0.571429,0.6,0.585714,reachable_scored
局部_小米MAX3/20230706_2050,203.507,"[""e4"", ""e3"", ""d4"", ""d3"", ""c4"", ""d4"", ""e4""]",203.507,"[""e4"", ""e3"", ""d4"", ""d3"", ""c4"", ""d4"", ""e4""]",,20230706_2050_merged.csv,"[7, 5, 11, 4, 5]","[7, 8, 9, 0, 11, 4, 5, 4, 11, 4, 5]","[['e3', 'e4'], ['e3'], ['d4', 'e4'], ['d4'], ['d4'], ['d4'], ['d4'], ['d4'], ['d4'], ['d4'], ['d4']]",1,0.363636,0.6,0.481818,reachable_scored
局部_小米MAX3/20230707_1524,193.019,"[""e4"", ""e3"", ""d4"", ""d3"", ""c4"", ""d4"", ""e4""]",193.019,"[""e4"", ""e3"", ""d4"", ""d3"", ""c4"", ""d4"", ""e4""]",,20230707_1524_merged.csv,"[6, 0, 0, 2, 5, 4]","[6, 7, 8, 9, 0, 1, 2, 3, 4, 5, 4]","[['e4'], ['e3', 'e4'], ['e3'], ['d4', 'e4'], ['d4'], ['d4'], ['c4'], ['c4'], ['d4'], ['d4'], ['d4']]",1,0.454545,0.8,0.627273,reachable_scored
局部_小米MAX3/20230707_1528,195.793,"[""e4"", ""e3"", ""d4"", ""d3"", ""c4"", ""d4"", ""e4""]",195.793,"[""e4"", ""e3"", ""d4"", ""d3"", ""c4"", ""d4"", ""e4""]",,20230707_1528_merged.csv,"[0, 6, 2, 33, 12]","[0, 9, 8, 7, 6, 7, 8, 9, 0, 1, 2, 3, 4, 35, 34, 33, 18, 31, 12]","[['d4'], ['d4', 'e4'], ['e3'], ['e3', 'e4'], ['e4'], ['e3', 'e4'], ['e3'], ['d4', 'e4'], ['d4'], ['d4'], ['c4'], ['c4'], ['d4'], ['c6'], ['c5'], ['c5'], ['b4'], ['d3', 'd4'], ['d4', 'e4']]",1,0.315789,0.625,0.470395,reachable_scored
局部_小米MAX3/20230707_1531,197.176,"[""e4"", ""e3"", ""d4"", ""d3"", ""c4"", ""d4"", ""e4""]",197.176,"[""e4"", ""e3"", ""d4"", ""d3"", ""c4"", ""d4"", ""e4""]",,20230707_1531_merged.csv,"[0, 2, 2, 4]","[0, 1, 2, 3, 4]","[['d4'], ['d4'], ['c4'], ['c4'], ['d4']]",1,0.428571,0.4,0.414286,reachable_scored
交叉_小米MAX3_移动卡/20230628_1436,297.024,"[""e4"", ""e3"", ""e4"", ""e3"", ""d3"", ""d4"", ""e4"", ""d4""]",297.024,"[""e4"", ""e3"", ""e4"", ""e3"", ""d3"", ""d4"", ""e4"", ""d4""]",,20230628_1436_merged.csv,"[7, 8, 4]","[7, 8, 9, 0, 11, 4]","[['e3', 'e4'], ['e3'], ['d4', 'e4'], ['d4'], ['d4'], ['d4']]",1,0.625,0.75,0.6875,reachable_scored
交叉_小米MAX3_移动卡/20230628_1443,324.644,"[""e4"", ""e3"", ""e4"", ""a6"", ""d3"", ""e2"", ""d5"", ""d4""]",300.065,"[""e4"", ""e3"", ""e4"", ""e3"", ""d3"", ""d4"", ""e4"", ""d4""]",,20230628_1443_merged.csv,"[8, 6, 7, 2, 8, 9, 0]","[8, 7, 6, 7, 8, 9, 0, 1, 2, 1, 0, 9, 8, 9, 0]","[['e3'], ['e3', 'e4'], ['e4'], ['e3', 'e4'], ['e3'], ['d4', 'e4'], ['d4'], ['d4'], ['c4'], ['d4'], ['d4'], ['d4', 'e4'], ['e3'], ['d4', 'e4'], ['d4']]",1,0.266667,0.375,0.320833,reachable_scored
交叉_小米MAX3_移动卡/20230703_1734,259.999,"[""e4"", ""e3"", ""e4"", ""e3"", ""d3"", ""d4"", ""e4"", ""d4""]",259.999,"[""e4"", ""e3"", ""e4"", ""e3"", ""d3"", ""d4"", ""e4"", ""d4""]",,20230703_1734_merged.csv,"[9, 4, 8, 0, 11]","[9, 0, 11, 4, 11, 0, 9, 8, 9, 0, 11]","[['d4', 'e4'], ['d4'], ['d4'], ['d4'], ['d4'], ['d4'], ['d4', 'e4'], ['e3'], ['d4', 'e4'], ['d4'], ['d4']]",1,0.454545,0.75,0.602273,reachable_scored
交叉_小米MAX3_移动卡/20230703_1739,213.008,"[""e4"", ""e3"", ""e4"", ""e3"", ""d3"", ""d4"", ""e4"", ""d4""]",258.956,"[""e4"", ""e3"", ""e4"", ""e3"", ""d3"", ""d4"", ""e4"", ""d4""]",,20230703_1739_merged.csv,"[6, 9, 19]","[6, 7, 8, 9, 0, 11, 12, 31, 18, 13, 26, 22, 21, 20, 19]","[['e4'], ['e3', 'e4'], ['e3'], ['d4', 'e4'], ['d4'], ['d4'], ['d4', 'e4'], ['d3', 'd4'], ['b4'], ['b3', 'b4'], ['c3'], ['c3', 'd3'], ['c1'], ['d2'], ['d3']]",1,0.4,0.444444,0.422222,reachable_scored
交叉_小米MAX3_移动卡/20230703_1744,253.556,"[""e4"", ""e3"", ""e4"", ""e3"", ""d3"", ""d4"", ""e4"", ""d4""]",253.556,"[""e4"", ""e3"", ""e4"", ""e3"", ""d3"", ""d4"", ""e4"", ""d4""]",,20230703_1744_merged.csv,"[0, 11, 9, 8, 19, 11]","[0, 11, 0, 9, 8, 9, 0, 11, 12, 31, 18, 13, 26, 22, 21, 20, 19, 20, 21, 22, 26, 13, 18, 31, 12, 11]","[['d4'], ['d4'], ['d4'], ['d4', 'e4'], ['e3'], ['d4', 'e4'], ['d4'], ['d4'], ['d4', 'e4'], ['d3', 'd4'], ['b4'], ['b3', 'b4'], ['c3'], ['c3', 'd3'], ['c1'], ['d2'], ['d3'], ['d2'], ['c1'], ['c3', 'd3'], ['c3'], ['b3', 'b4'], ['b4'], ['d3', 'd4'], ['d4', 'e4'], ['d4']]",1,0.269231,0.444444,0.356838,reachable_scored
交叉_小米MAX3_移动卡/20230703_1750,222.434,"[""e4"", ""e3"", ""e4"", ""e3"", ""d3"", ""d4"", ""e4"", ""d4""]",255.199,"[""e4"", ""e3"", ""e4"", ""e3"", ""d3"", ""d4"", ""e4"", ""d4""]",,20230703_1750_merged.csv,"[6, 9, 0, 33, 0]","[6, 7, 8, 9, 0, 11, 4, 35, 34, 33, 18, 31, 12, 11, 0]","[['e4'], ['e3', 'e4'], ['e3'], ['d4', 'e4'], ['d4'], ['d4'], ['d4'], ['c6'], ['c5'], ['c5'], ['b4'], ['d3', 'd4'], ['d4', 'e4'], ['d4'], ['d4']]",1,0.4,0.571429,0.485714,reachable_scored
交叉_小米MAX3_移动卡/20230704_2002,259.456,"[""e6"", ""d1"", ""f5"", ""e3"", ""d3"", ""d4"", ""e4"", ""d4""]",276.89,"[""e4"", ""e3"", ""e4"", ""e3"", ""d3"", ""d4"", ""e4"", ""d4""]",,20230704_2002_merged.csv,"[6, 7, 8, 6, 0, 6]","[6, 7, 8, 7, 6, 7, 8, 9, 0, 9, 8, 7, 6]","[['e4'], ['e3', 'e4'], ['e3'], ['e3', 'e4'], ['e4'], ['e3', 'e4'], ['e3'], ['d4', 'e4'], ['d4'], ['d4', 'e4'], ['e3'], ['e3', 'e4'], ['e4']]",1,0.230769,0.428571,0.32967,reachable_scored
交叉_小米MAX3_移动卡/20230704_2008,278.925,"[""e4"", ""e3"", ""e4"", ""e3"", ""d3"", ""d4"", ""e4"", ""d4""]",278.925,"[""e4"", ""e3"", ""e4"", ""e3"", ""d3"", ""d4"", ""e4"", ""d4""]",,20230704_2008_merged.csv,"[8, 6, 7, 8, 8, 0]","[8, 7, 6, 7, 8, 9, 0]","[['e3'], ['e3', 'e4'], ['e4'], ['e3', 'e4'], ['e3'], ['d4', 'e4'], ['d4']]",1,0.625,0.75,0.6875,reachable_scored
交叉_小米MAX3_移动卡/20230704_2013,280.62,"[""e4"", ""e3"", ""e4"", ""e3"", ""d3"", ""d4"", ""e4"", ""d4""]",280.62,"[""e4"", ""e3"", ""e4"", ""e3"", ""d3"", ""d4"", ""e4"", ""d4""]",,20230704_2013_merged.csv,"[6, 8, 9, 0]","[6, 7, 8, 9, 0]","[['e4'], ['e3', 'e4'], ['e3'], ['d4', 'e4'], ['d4']]",1,0.625,0.75,0.6875,reachable_scored
交叉_小米MAX3_移动卡/20230704_2019,275.009,"[""e4"", ""e3"", ""e4"", ""e3"", ""d3"", ""d4"", ""e4"", ""d4""]",275.009,"[""e4"", ""e3"", ""e4"", ""e3"", ""d3"", ""d4"", ""e4"", ""d4""]",,20230704_2019_merged.csv,"[7, 7, 8, 0]","[7, 8, 9, 0]","[['e3', 'e4'], ['e3'], ['d4', 'e4'], ['d4']]",1,0.5,0.75,0.625,reachable_scored
交叉_小米MAX3_移动卡/20230705_1314,312.604,"[""e4"", ""e3"", ""d2"", ""e3"", ""d5"", ""d4"", ""e4"", ""d4""]",253.25,"[""e4"", ""e3"", ""e4"", ""e3"", ""d3"", ""d4"", ""e4"", ""d4""]",,20230705_1314_merged.csv,"[12, 6, 8, 9, 7]","[12, 11, 0, 9, 8, 7, 6, 7, 8, 9, 8, 7]","[['d4', 'e4'], ['d4'], ['d4'], ['d4', 'e4'], ['e3'], ['e3', 'e4'], ['e4'], ['e3', 'e4'], ['e3'], ['d4', 'e4'], ['e3'], ['e3', 'e4']]",1,0.416667,0.6,0.508333,reachable_scored
交叉_小米MAX3_移动卡/20230705_1319,254.605,"[""e4"", ""e3"", ""e4"", ""e3"", ""d3"", ""d4"", ""e4"", ""d4""]",254.605,"[""e4"", ""e3"", ""e4"", ""e3"", ""d3"", ""d4"", ""e4"", ""d4""]",,20230705_1319_merged.csv,"[6, 7, 8, 0, 11]","[6, 7, 8, 9, 0, 11]","[['e4'], ['e3', 'e4'], ['e3'], ['d4', 'e4'], ['d4'], ['d4']]",1,0.625,0.75,0.6875,reachable_scored
交叉_小米MAX3_移动卡/20230705_1324,258.136,"[""e4"", ""e3"", ""e3"", ""e3"", ""d3"", ""d4"", ""e4"", ""d4""]",258.136,"[""e4"", ""e3"", ""e4"", ""e3"", ""d3"", ""d4"", ""e4"", ""d4""]",,20230705_1324_merged.csv,"[6, 8, 0]","[6, 7, 8, 9, 0]","[['e4'], ['e3', 'e4'], ['e3'], ['d4', 'e4'], ['d4']]",1,0.625,0.75,0.6875,reachable_scored
交叉_小米MAX3_移动卡/20230705_1329,265.917,"[""e4"", ""e3"", ""e4"", ""e3"", ""d3"", ""d4"", ""e4"", ""d4""]",265.917,"[""e4"", ""e3"", ""e4"", ""e3"", ""d3"", ""d4"", ""e4"", ""d4""]",,20230705_1329_merged.csv,"[6, 7, 8, 8, 9, 0]","[6, 7, 8, 9, 0]","[['e4'], ['e3', 'e4'], ['e3'], ['d4', 'e4'], ['d4']]",1,0.625,0.75,0.6875,reachable_scored
交叉_小米MAX3_移动卡/20230706_2053,251.82,"[""e4"", ""f6"", ""e4"", ""e3"", ""d3"", ""f2"", ""e4"", ""d4""]",276.245,"[""e4"", ""e3"", ""e4"", ""e3"", ""d3"", ""d4"", ""e4"", ""d4""]",,20230706_2053_merged.csv,"[6, 7, 6, 0, 8, 8, 0]","[6, 7, 6, 7, 8, 9, 0, 9, 8, 9, 0]","[['e4'], ['e3', 'e4'], ['e4'], ['e3', 'e4'], ['e3'], ['d4', 'e4'], ['d4'], ['d4', 'e4'], ['e3'], ['d4', 'e4'], ['d4']]",1,0.454545,0.5,0.477273,reachable_scored
交叉_小米MAX3_移动卡/20230706_2059,276.293,"[""e4"", ""e3"", ""e4"", ""e3"", ""d3"", ""d4"", ""e4"", ""d4""]",276.293,"[""e4"", ""e3"", ""e4"", ""e3"", ""d3"", ""d4"", ""e4"", ""d4""]",,20230706_2059_merged.csv,"[6, 7, 7, 11, 2]","[6, 7, 8, 9, 0, 11, 0, 1, 2]","[['e4'], ['e3', 'e4'], ['e3'], ['d4', 'e4'], ['d4'], ['d4'], ['d4'], ['d4'], ['c4']]",1,0.555556,0.6,0.577778,reachable_scored
交叉_小米MAX3_移动卡/20230706_2104,265.887,"[""e4"", ""e3"", ""e4"", ""e3"", ""d3"", ""d4"", ""e4"", ""d4""]",265.887,"[""e4"", ""e3"", ""e4"", ""e3"", ""d3"", ""d4"", ""e4"", ""d4""]",,20230706_2104_merged.csv,"[6, 8, 0, 11, 11]","[6, 7, 8, 9, 0, 11]","[['e4'], ['e3', 'e4'], ['e3'], ['d4', 'e4'], ['d4'], ['d4']]",1,0.625,0.75,0.6875,reachable_scored
交叉_小米MAX3_移动卡/20230706_2109,273.326,"[""e4"", ""e3"", ""e4"", ""e3"", ""d3"", ""d4"", ""e4"", ""d4""]",273.326,"[""e4"", ""e3"", ""e4"", ""e3"", ""d3"", ""d4"", ""e4"", ""d4""]",,20230706_2109_merged.csv,"[9, 6, 7, 8, 0]","[9, 8, 7, 6, 7, 8, 9, 0]","[['d4', 'e4'], ['e3'], ['e3', 'e4'], ['e4'], ['e3', 'e4'], ['e3'], ['d4', 'e4'], ['d4']]",1,0.75,0.75,0.75,reachable_scored
交叉_小米MAX3_移动卡/20230707_1534,264.741,"[""e4"", ""e3"", ""e4"", ""e3"", ""d3"", ""d4"", ""e4"", ""d4""]",264.741,"[""e4"", ""e3"", ""e4"", ""e3"", ""d3"", ""d4"", ""e4"", ""d4""]",,20230707_1534_merged.csv,"[6, 7, 8, 8, 7, 0]","[6, 7, 8, 7, 8, 9, 0]","[['e4'], ['e3', 'e4'], ['e3'], ['e3', 'e4'], ['e3'], ['d4', 'e4'], ['d4']]",1,0.75,0.75,0.75,reachable_scored
交叉_小米MAX3_移动卡/20230707_1540,261.451,"[""e4"", ""e3"", ""e4"", ""e3"", ""d3"", ""d4"", ""e4"", ""d4""]",261.451,"[""e4"", ""e3"", ""e4"", ""e3"", ""d3"", ""d4"", ""e4"", ""d4""]",,20230707_1540_merged.csv,"[12, 6, 8, 9, 0, 0]","[12, 11, 0, 9, 8, 7, 6, 7, 8, 9, 0]","[['d4', 'e4'], ['d4'], ['d4'], ['d4', 'e4'], ['e3'], ['e3', 'e4'], ['e4'], ['e3', 'e4'], ['e3'], ['d4', 'e4'], ['d4']]",1,0.545455,0.75,0.647727,reachable_scored
交叉_小米MAX3_移动卡/20230707_1545,224.076,"[""e4"", ""e3"", ""e4"", ""e3"", ""d3"", ""d4"", ""e4"", ""d4""]",262.531,"[""e4"", ""e3"", ""e4"", ""e3"", ""d3"", ""d4"", ""e4"", ""d4""]",,20230707_1545_merged.csv,"[6, 8, 7, 9, 0]","[6, 7, 8, 7, 8, 9, 0]","[['e4'], ['e3', 'e4'], ['e3'], ['e3', 'e4'], ['e3'], ['d4', 'e4'], ['d4']]",1,0.75,0.75,0.75,reachable_scored
交叉_小米MAX3_移动卡/20230707_1550,255.967,"[""e4"", ""e3"", ""e4"", ""e3"", ""d3"", ""d4"", ""e4"", ""d4""]",255.967,"[""e4"", ""e3"", ""e4"", ""e3"", ""d3"", ""d4"", ""e4"", ""d4""]",,20230707_1550_merged.csv,"[6, 8, 5, 11]","[6, 7, 8, 9, 0, 11, 4, 5, 4, 11]","[['e4'], ['e3', 'e4'], ['e3'], ['d4', 'e4'], ['d4'], ['d4'], ['d4'], ['d4'], ['d4'], ['d4']]",1,0.5,0.75,0.625,reachable_scored
交叉_小米MAX3_移动卡/20230709_1258,274.319,"[""e4"", ""e3"", ""e4"", ""e3"", ""d3"", ""d4"", ""e4"", ""d4""]",274.319,"[""e4"", ""e3"", ""e4"", ""e3"", ""d3"", ""d4"", ""e4"", ""d4""]",,20230709_1258_merged.csv,"[9, 6, 8, 0, 11]","[9, 8, 7, 6, 7, 8, 9, 0, 11]","[['d4', 'e4'], ['e3'], ['e3', 'e4'], ['e4'], ['e3', 'e4'], ['e3'], ['d4', 'e4'], ['d4'], ['d4']]",1,0.666667,0.75,0.708333,reachable_scored
交叉_小米MAX3_移动卡/20230709_1303,310.741,"[""e4"", ""e3"", ""e4"", ""e3"", ""d3"", ""d4"", ""e4"", ""d4""]",288.92,"[""e4"", ""e3"", ""e4"", ""e3"", ""d3"", ""d4"", ""e4"", ""d4""]",,20230709_1303_merged.csv,"[6, 6, 5, 8, 11]","[6, 7, 8, 9, 0, 11, 4, 5, 4, 11, 0, 9, 8, 9, 0, 11]","[['e4'], ['e3', 'e4'], ['e3'], ['d4', 'e4'], ['d4'], ['d4'], ['d4'], ['d4'], ['d4'], ['d4'], ['d4'], ['d4', 'e4'], ['e3'], ['d4', 'e4'], ['d4'], ['d4']]",1,0.375,0.75,0.5625,reachable_scored
交叉_小米MAX3_移动卡/20230709_1309,275.622,"[""e4"", ""e3"", ""e4"", ""e3"", ""d3"", ""d4"", ""e4"", ""d4""]",275.622,"[""e4"", ""e3"", ""e4"", ""e3"", ""d3"", ""d4"", ""e4"", ""d4""]",,20230709_1309_merged.csv,"[0, 6, 7, 8, 11, 7, 0]","[0, 9, 8, 7, 6, 7, 8, 9, 0, 11, 0, 9, 8, 7, 8, 9, 0]","[['d4'], ['d4', 'e4'], ['e3'], ['e3', 'e4'], ['e4'], ['e3', 'e4'], ['e3'], ['d4', 'e4'], ['d4'], ['d4'], ['d4'], ['d4', 'e4'], ['e3'], ['e3', 'e4'], ['e3'], ['d4', 'e4'], ['d4']]",1,0.411765,0.75,0.580882,reachable_scored
交叉_小米MAX3_移动卡/20230709_1315,279.288,"[""e4"", ""e3"", ""e4"", ""e3"", ""d3"", ""d4"", ""e4"", ""d4""]",279.288,"[""e4"", ""e3"", ""e4"", ""e3"", ""d3"", ""d4"", ""e4"", ""d4""]",,20230709_1315_merged.csv,"[12, 6, 5, 8, 8, 6, 0]","[12, 11, 0, 9, 8, 7, 6, 7, 8, 9, 0, 11, 4, 5, 4, 11, 0, 9, 8, 7, 6, 7, 8, 9, 0]","[['d4', 'e4'], ['d4'], ['d4'], ['d4', 'e4'], ['e3'], ['e3', 'e4'], ['e4'], ['e3', 'e4'], ['e3'], ['d4', 'e4'], ['d4'], ['d4'], ['d4'], ['d4'], ['d4'], ['d4'], ['d4'], ['d4', 'e4'], ['e3'], ['e3', 'e4'], ['e4'], ['e3', 'e4'], ['e3'], ['d4', 'e4'], ['d4']]",1,0.28,0.75,0.515,reachable_scored
交叉_小米MAX3_移动卡/20230920_1925,312.816,"[""e4"", ""e3"", ""e4"", ""e3"", ""d3"", ""d4"", ""e4"", ""d4""]",312.816,"[""e4"", ""e3"", ""e4"", ""e3"", ""d3"", ""d4"", ""e4"", ""d4""]",,20230920_1925_merged.csv,"[9, 6, 7, 8, 9, 9, 11]","[9, 8, 7, 6, 7, 8, 9, 0, 11]","[['d4', 'e4'], ['e3'], ['e3', 'e4'], ['e4'], ['e3', 'e4'], ['e3'], ['d4', 'e4'], ['d4'], ['d4']]",1,0.666667,0.75,0.708333,reachable_scored
交叉_小米MAX3_移动卡/20230920_1931,313.561,"[""e4"", ""e3"", ""e4"", ""e3"", ""d3"", ""d4"", ""e4"", ""d4""]",313.561,"[""e4"", ""e3"", ""e4"", ""e3"", ""d3"", ""d4"", ""e4"", ""d4""]",,20230920_1931_merged.csv,"[6, 7, 8, 8, 0, 11, 4]","[6, 7, 8, 9, 0, 11, 4]","[['e4'], ['e3', 'e4'], ['e3'], ['d4', 'e4'], ['d4'], ['d4'], ['d4']]",1,0.625,0.75,0.6875,reachable_scored
交叉_小米MAX3_移动卡/20230920_1937,289.967,"[""e4"", ""e3"", ""e4"", ""e3"", ""d3"", ""d4"", ""e4"", ""d4""]",309.605,"[""e4"", ""e3"", ""e4"", ""e3"", ""d3"", ""d4"", ""e4"", ""d4""]",,20230920_1937_merged.csv,"[7, 4, 11, 11]","[7, 8, 9, 0, 11, 4, 11]","[['e3', 'e4'], ['e3'], ['d4', 'e4'], ['d4'], ['d4'], ['d4'], ['d4']]",1,0.625,0.75,0.6875,reachable_scored
交叉_小米MAX3_移动卡/20230920_1943,313.443,"[""e4"", ""e3"", ""e4"", ""e3"", ""d3"", ""d4"", ""e4"", ""d4""]",313.443,"[""e4"", ""e3"", ""e4"", ""e3"", ""d3"", ""d4"", ""e4"", ""d4""]",,20230920_1943_merged.csv,"[6, 6, 7, 9, 7, 11, 11]","[6, 7, 8, 9, 8, 7, 8, 9, 0, 11]","[['e4'], ['e3', 'e4'], ['e3'], ['d4', 'e4'], ['e3'], ['e3', 'e4'], ['e3'], ['d4', 'e4'], ['d4'], ['d4']]",1,0.6,0.75,0.675,reachable_scored
交叉_小米MAX3_移动卡/20230920_1950,314.36,"[""e4"", ""e3"", ""e4"", ""e3"", ""d3"", ""d4"", ""e4"", ""d4""]",314.36,"[""e4"", ""e3"", ""e4"", ""e3"", ""d3"", ""d4"", ""e4"", ""d4""]",,20230920_1950_merged.csv,"[6, 7, 9, 7, 6, 12]","[6, 7, 8, 9, 8, 7, 6, 7, 8, 9, 0, 11, 12]","[['e4'], ['e3', 'e4'], ['e3'], ['d4', 'e4'], ['e3'], ['e3', 'e4'], ['e4'], ['e3', 'e4'], ['e3'], ['d4', 'e4'], ['d4'], ['d4'], ['d4', 'e4']]",1,0.461538,0.75,0.605769,reachable_scored
交叉_小米MAX3_移动卡/20230920_1956,309.332,"[""e4"", ""e3"", ""e4"", ""e3"", ""d3"", ""d4"", ""e4"", ""d4""]",309.332,"[""e4"", ""e3"", ""e4"", ""e3"", ""d3"", ""d4"", ""e4"", ""d4""]",,20230920_1956_merged.csv,"[6, 7, 8, 8, 7, 9, 11, 11]","[6, 7, 8, 7, 8, 9, 0, 11]","[['e4'], ['e3', 'e4'], ['e3'], ['e3', 'e4'], ['e3'], ['d4', 'e4'], ['d4'], ['d4']]",1,0.75,0.75,0.75,reachable_scored
交叉_小米MAX3_移动卡/20230920_2002,309.684,"[""e4"", ""e3"", ""e4"", ""e3"", ""d3"", ""d4"", ""e4"", ""d4""]",309.684,"[""e4"", ""e3"", ""e4"", ""e3"", ""d3"", ""d4"", ""e4"", ""d4""]",,20230920_2002_merged.csv,"[7, 8, 5, 11, 11]","[7, 8, 9, 0, 11, 4, 5, 4, 11]","[['e3', 'e4'], ['e3'], ['d4', 'e4'], ['d4'], ['d4'], ['d4'], ['d4'], ['d4'], ['d4']]",1,0.555556,0.75,0.652778,reachable_scored
交叉_小米MAX3_移动卡/20230920_2008,310.022,"[""e4"", ""e3"", ""e4"", ""e3"", ""d3"", ""d4"", ""e4"", ""d4""]",310.022,"[""e4"", ""e3"", ""e4"", ""e3"", ""d3"", ""d4"", ""e4"", ""d4""]",,20230920_2008_merged.csv,"[12, 7, 8, 9, 11]","[12, 11, 0, 9, 8, 7, 8, 9, 0, 11]","[['d4', 'e4'], ['d4'], ['d4'], ['d4', 'e4'], ['e3'], ['e3', 'e4'], ['e3'], ['d4', 'e4'], ['d4'], ['d4']]",1,0.6,0.75,0.675,reachable_scored
